"name","gender","count","count_norm","first_letter","last_letter","name_length","vowel_consonant_prop","double_letter","double_vowel","double_consonant","num_syllables","a_count","b_count","c_count","d_count","e_count","f_count","g_count","h_count","i_count","j_count","k_count","l_count","m_count","n_count","o_count","p_count","q_count","r_count","s_count","t_count","u_count","v_count","w_count","x_count","y_count","z_count","num_consonants","num_vowels","consonant_prop","vowel_prop"
"Mary","F","56196","56","m","y","4","1.0","False","False","False","2","1","0","0","0","0","0","0","0","0","0","0","0","1","0","0","0","0","1","0","0","0","0","0","0","1","0","2","2","0.5","0.5"
"Barbara","F","36732","37","b","a","7","0.75","False","False","False","3","3","2","0","0","0","0","0","0","0","0","0","0","0","0","0","0","0","2","0","0","0","0","0","0","0","0","4","3","0.5714285714285714","0.42857142857142855"
"Patricia","F","32661","33","p","a","8","1.0","False","False","False","3","2","0","1","0","0","0","0","0","2","0","0","0","0","0","0","1","0","1","0","1","0","0","0","0","0","0","4","4","0.5","0.5"
"Judith","F","22380","22","j","h","6","0.5","False","False","False","2","0","0","0","1","0","0","0","1","1","1","0","0","0","0","0","0","0","0","0","1","1","0","0","0","0","0","4","2","0.6666666666666666","0.3333333333333333"
"Betty","F","22074","22","b","y","5","0.6666666666666666","True","False","True","2","0","1","0","0","1","0","0","0","0","0","0","0","0","0","0","0","0","0","0","2","0","0","0","0","1","0","3","2","0.6","0.4"
"Carol","F","21760","22","c","l","5","0.6666666666666666","False","False","False","2","1","0","1","0","0","0","0","0","0","0","0","1","0","0","1","0","0","1","0","0","0","0","0","0","0","0","3","2","0.6","0.4"
"Nancy","F","19731","20","n","y","5","0.6666666666666666","False","False","False","2","1","0","1","0","0","0","0","0","0","0","0","0","0","2","0","0","0","0","0","0","0","0","0","0","1","0","3","2","0.6","0.4"
"Linda","F","18368","18","l","a","5","0.6666666666666666","False","False","False","2","1","0","0","1","0","0","0","0","1","0","0","1","0","1","0","0","0","0","0","0","0","0","0","0","0","0","3","2","0.6","0.4"
"Shirley","F","17876","18","s","y","7","0.75","False","False","False","2","0","0","0","0","1","0","0","1","1","0","0","1","0","0","0","0","0","1","1","0","0","0","0","0","1","0","4","3","0.5714285714285714","0.42857142857142855"
"Sandra","F","16151","16","s","a","6","0.5","False","False","False","2","2","0","0","1","0","0","0","0","0","0","0","0","0","1","0","0","0","1","1","0","0","0","0","0","0","0","4","2","0.6666666666666666","0.3333333333333333"
"Margaret","F","15058","15","m","t","8","0.6","False","False","False","3","2","0","0","0","1","0","1","0","0","0","0","0","1","0","0","0","0","2","0","1","0","0","0","0","0","0","5","3","0.625","0.375"
"Dorothy","F","14874","15","d","y","7","0.75","False","False","False","3","0","0","0","1","0","0","0","1","0","0","0","0","0","0","2","0","0","1","0","1","0","0","0","0","1","0","4","3","0.5714285714285714","0.42857142857142855"
"Joyce","F","14801","15","j","e","5","1.5","False","False","False","1","0","0","1","0","1","0","0","0","0","1","0","0","0","0","1","0","0","0","0","0","0","0","0","0","1","0","2","3","0.4","0.6"
"Joan","F","13287","13","j","n","4","1.0","False","False","False","1","1","0","0","0","0","0","0","0","0","1","0","0","0","1","1","0","0","0","0","0","0","0","0","0","0","0","2","2","0.5","0.5"
"Carolyn","F","12656","13","c","n","7","0.75","False","False","False","3","1","0","1","0","0","0","0","0","0","0","0","1","0","1","1","0","0","1","0","0","0","0","0","0","1","0","4","3","0.5714285714285714","0.42857142857142855"
"Judy","F","11381","11","j","y","4","1.0","False","False","False","2","0","0","0","1","0","0","0","0","0","1","0","0","0","0","0","0","0","0","0","0","1","0","0","0","1","0","2","2","0.5","0.5"
"Sharon","F","11118","11","s","n","6","0.5","False","False","False","2","1","0","0","0","0","0","0","1","0","0","0","0","0","1","1","0","0","1","1","0","0","0","0","0","0","0","4","2","0.6666666666666666","0.3333333333333333"
"Helen","F","10201","10","h","n","5","0.6666666666666666","False","False","False","2","0","0","0","0","2","0","0","1","0","0","0","1","0","1","0","0","0","0","0","0","0","0","0","0","0","0","3","2","0.6","0.4"
"Janet","F","10104","10","j","t","5","0.6666666666666666","False","False","False","2","1","0","0","0","1","0","0","0","0","1","0","0","0","1","0","0","0","0","0","1","0","0","0","0","0","0","3","2","0.6","0.4"
"Elizabeth","F","9954","10","e","h","9","0.8","False","False","False","4","1","1","0","0","2","0","0","1","1","0","0","1","0","0","0","0","0","0","0","1","0","0","0","0","0","1","5","4","0.5555555555555556","0.4444444444444444"
"Virginia","F","9553","10","v","a","8","1.0","False","False","False","3","1","0","0","0","0","0","1","0","3","0","0","0","0","1","0","0","0","1","0","0","0","1","0","0","0","0","4","4","0.5","0.5"
"Janice","F","9315","9","j","e","6","1.0","False","False","False","2","1","0","1","0","1","0","0","0","1","1","0","0","0","1","0","0","0","0","0","0","0","0","0","0","0","0","3","3","0.5","0.5"
"Donna","F","9229","9","d","a","5","0.6666666666666666","True","False","True","2","1","0","0","1","0","0","0","0","0","0","0","0","0","2","1","0","0","0","0","0","0","0","0","0","0","0","3","2","0.6","0.4"
"Ruth","F","8886","9","r","h","4","0.3333333333333333","False","False","False","1","0","0","0","0","0","0","0","1","0","0","0","0","0","0","0","0","0","1","0","1","1","0","0","0","0","0","3","1","0.75","0.25"
"Marilyn","F","8700","9","m","n","7","0.75","False","False","False","3","1","0","0","0","0","0","0","0","1","0","0","1","1","1","0","0","0","1","0","0","0","0","0","0","1","0","4","3","0.5714285714285714","0.42857142857142855"
"Martha","F","8692","9","m","a","6","0.5","False","False","False","2","2","0","0","0","0","0","0","1","0","0","0","0","1","0","0","0","0","1","0","1","0","0","0","0","0","0","4","2","0.6666666666666666","0.3333333333333333"
"Beverly","F","8654","9","b","y","7","0.75","False","False","False","3","0","1","0","0","2","0","0","0","0","0","0","1","0","0","0","0","0","1","0","0","0","1","0","0","1","0","4","3","0.5714285714285714","0.42857142857142855"
"Frances","F","8618","9","f","s","7","0.4","False","False","False","1","1","0","1","0","1","1","0","0","0","0","0","0","0","1","0","0","0","1","1","0","0","0","0","0","0","0","5","2","0.7142857142857143","0.2857142857142857"
"Jean","F","8066","8","j","n","4","1.0","False","False","False","1","1","0","0","0","1","0","0","0","0","1","0","0","0","1","0","0","0","0","0","0","0","0","0","0","0","0","2","2","0.5","0.5"
"Gloria","F","8025","8","g","a","6","1.0","False","False","False","2","1","0","0","0","0","0","1","0","1","0","0","1","0","0","1","0","0","1","0","0","0","0","0","0","0","0","3","3","0.5","0.5"
"Doris","F","7765","8","d","s","5","0.6666666666666666","False","False","False","2","0","0","0","1","0","0","0","0","1","0","0","0","0","0","1","0","0","1","1","0","0","0","0","0","0","0","3","2","0.6","0.4"
"Alice","F","7600","8","a","e","5","1.5","False","False","False","2","1","0","1","0","1","0","0","0","1","0","0","1","0","0","0","0","0","0","0","0","0","0","0","0","0","0","2","3","0.4","0.6"
"Phyllis","F","7415","7","p","s","7","0.4","True","False","True","2","0","0","0","0","0","0","0","1","1","0","0","2","0","0","0","1","0","0","1","0","0","0","0","0","1","0","5","2","0.7142857142857143","0.2857142857142857"
"Karen","F","7283","7","k","n","5","0.6666666666666666","False","False","False","2","1","0","0","0","1","0","0","0","0","0","1","0","0","1","0","0","0","1","0","0","0","0","0","0","0","0","3","2","0.6","0.4"
"Ann","F","7194","7","a","n","3","0.5","True","False","True","1","1","0","0","0","0","0","0","0","0","0","0","0","0","2","0","0","0","0","0","0","0","0","0","0","0","0","2","1","0.6666666666666666","0.3333333333333333"
"Susan","F","6757","7","s","n","5","0.6666666666666666","False","False","False","2","1","0","0","0","0","0","0","0","0","0","0","0","0","1","0","0","0","0","2","0","1","0","0","0","0","0","3","2","0.6","0.4"
"Peggy","F","6128","6","p","y","5","0.6666666666666666","True","False","True","2","0","0","0","0","1","0","2","0","0","0","0","0","0","0","0","1","0","0","0","0","0","0","0","0","1","0","3","2","0.6","0.4"
"Lois","F","6126","6","l","s","4","1.0","False","False","False","1","0","0","0","0","0","0","0","0","1","0","0","1","0","0","1","0","0","0","1","0","0","0","0","0","0","0","2","2","0.5","0.5"
"Bonnie","F","5959","6","b","e","6","1.0","True","False","True","1","0","1","0","0","1","0","0","0","1","0","0","0","0","2","1","0","0","0","0","0","0","0","0","0","0","0","3","3","0.5","0.5"
"Kathleen","F","5698","6","k","n","8","0.6","True","True","False","2","1","0","0","0","2","0","0","1","0","0","1","1","0","1","0","0","0","0","0","1","0","0","0","0","0","0","5","3","0.625","0.375"
"Marie","F","5542","6","m","e","5","1.5","False","False","False","1","1","0","0","0","1","0","0","0","1","0","0","0","1","0","0","0","0","1","0","0","0","0","0","0","0","0","2","3","0.4","0.6"
"Brenda","F","5441","5","b","a","6","0.5","False","False","False","2","1","1","0","1","1","0","0","0","0","0","0","0","0","1","0","0","0","1","0","0","0","0","0","0","0","0","4","2","0.6666666666666666","0.3333333333333333"
"Norma","F","5334","5","n","a","5","0.6666666666666666","False","False","False","2","1","0","0","0","0","0","0","0","0","0","0","0","1","1","1","0","0","1","0","0","0","0","0","0","0","0","3","2","0.6","0.4"
"Rose","F","5196","5","r","e","4","1.0","False","False","False","1","0","0","0","0","1","0","0","0","0","0","0","0","0","0","1","0","0","1","1","0","0","0","0","0","0","0","2","2","0.5","0.5"
"Diane","F","5172","5","d","e","5","1.5","False","False","False","1","1","0","0","1","1","0","0","0","1","0","0","0","0","1","0","0","0","0","0","0","0","0","0","0","0","0","2","3","0.4","0.6"
"Geraldine","F","5152","5","g","e","9","0.8","False","False","False","3","1","0","0","1","2","0","1","0","1","0","0","1","0","1","0","0","0","1","0","0","0","0","0","0","0","0","5","4","0.5555555555555556","0.4444444444444444"
"Jane","F","5090","5","j","e","4","1.0","False","False","False","1","1","0","0","0","1","0","0","0","0","1","0","0","0","1","0","0","0","0","0","0","0","0","0","0","0","0","2","2","0.5","0.5"
"Evelyn","F","4983","5","e","n","6","1.0","False","False","False","3","0","0","0","0","2","0","0","0","0","0","0","1","0","1","0","0","0","0","0","0","0","1","0","0","1","0","3","3","0.5","0.5"
"Carole","F","4788","5","c","e","6","1.0","False","False","False","3","1","0","1","0","1","0","0","0","0","0","0","1","0","0","1","0","0","1","0","0","0","0","0","0","0","0","3","3","0.5","0.5"
"Elaine","F","4782","5","e","e","6","2.0","False","False","False","2","1","0","0","0","2","0","0","0","1","0","0","1","0","1","0","0","0","0","0","0","0","0","0","0","0","0","2","4","0.3333333333333333","0.6666666666666666"
"Anna","F","4718","5","a","a","4","1.0","True","False","True","2","2","0","0","0","0","0","0","0","0","0","0","0","0","2","0","0","0","0","0","0","0","0","0","0","0","0","2","2","0.5","0.5"
"Wanda","F","4709","5","w","a","5","0.6666666666666666","False","False","False","2","2","0","0","1","0","0","0","0","0","0","0","0","0","1","0","0","0","0","0","0","0","0","1","0","0","0","3","2","0.6","0.4"
"Catherine","F","4581","5","c","e","9","0.8","False","False","False","3","1","0","1","0","2","0","0","1","1","0","0","0","0","1","0","0","0","1","0","1","0","0","0","0","0","0","5","4","0.5555555555555556","0.4444444444444444"
"Joanne","F","4419","4","j","e","6","1.0","True","False","True","1","1","0","0","0","1","0","0","0","0","1","0","0","0","2","1","0","0","0","0","0","0","0","0","0","0","0","3","3","0.5","0.5"
"Charlotte","F","4290","4","c","e","9","0.5","True","False","True","2","1","0","1","0","1","0","0","1","0","0","0","1","0","0","1","0","0","1","0","2","0","0","0","0","0","0","6","3","0.6666666666666666","0.3333333333333333"
"Annie","F","4215","4","a","e","5","1.5","True","False","True","1","1","0","0","0","1","0","0","0","1","0","0","0","0","2","0","0","0","0","0","0","0","0","0","0","0","0","2","3","0.4","0.6"
"Patsy","F","4079","4","p","y","5","0.6666666666666666","False","False","False","2","1","0","0","0","0","0","0","0","0","0","0","0","0","0","0","1","0","0","1","1","0","0","0","0","1","0","3","2","0.6","0.4"
"Mildred","F","3936","4","m","d","7","0.4","False","False","False","1","0","0","0","2","1","0","0","0","1","0","0","1","1","0","0","0","0","1","0","0","0","0","0","0","0","0","5","2","0.7142857142857143","0.2857142857142857"
"Louise","F","3923","4","l","e","6","2.0","False","False","False","1","0","0","0","0","1","0","0","0","1","0","0","1","0","0","1","0","0","0","1","0","1","0","0","0","0","0","2","4","0.3333333333333333","0.6666666666666666"
"Sarah","F","3870","4","s","h","5","0.6666666666666666","False","False","False","2","2","0","0","0","0","0","0","1","0","0","0","0","0","0","0","0","0","1","1","0","0","0","0","0","0","0","3","2","0.6","0.4"
"Sally","F","3805","4","s","y","5","0.6666666666666666","True","False","True","2","1","0","0","0","0","0","0","0","0","0","0","2","0","0","0","0","0","0","1","0","0","0","0","0","1","0","3","2","0.6","0.4"
"Sylvia","F","3802","4","s","a","6","1.0","False","False","False","2","1","0","0","0","0","0","0","0","1","0","0","1","0","0","0","0","0","0","1","0","0","1","0","0","1","0","3","3","0.5","0.5"
"Joann","F","3791","4","j","n","5","0.6666666666666666","True","False","True","1","1","0","0","0","0","0","0","0","0","1","0","0","0","2","1","0","0","0","0","0","0","0","0","0","0","0","3","2","0.6","0.4"
"Marjorie","F","3682","4","m","e","8","1.0","False","False","False","2","1","0","0","0","1","0","0","0","1","1","0","0","1","0","1","0","0","2","0","0","0","0","0","0","0","0","4","4","0.5","0.5"
"Gail","F","3622","4","g","l","4","1.0","False","False","False","1","1","0","0","0","0","0","1","0","1","0","0","1","0","0","0","0","0","0","0","0","0","0","0","0","0","0","2","2","0.5","0.5"
"Ruby","F","3618","4","r","y","4","1.0","False","False","False","2","0","1","0","0","0","0","0","0","0","0","0","0","0","0","0","0","0","1","0","0","1","0","0","0","1","0","2","2","0.5","0.5"
"Dolores","F","3606","4","d","s","7","0.75","False","False","False","2","0","0","0","1","1","0","0","0","0","0","0","1","0","0","2","0","0","1","1","0","0","0","0","0","0","0","4","3","0.5714285714285714","0.42857142857142855"
"Eleanor","F","3582","4","e","r","7","1.3333333333333333","False","False","False","3","1","0","0","0","2","0","0","0","0","0","0","1","0","1","1","0","0","1","0","0","0","0","0","0","0","0","3","4","0.42857142857142855","0.5714285714285714"
"Loretta","F","3501","4","l","a","7","0.75","True","False","True","3","1","0","0","0","1","0","0","0","0","0","0","1","0","0","1","0","0","1","0","2","0","0","0","0","0","0","4","3","0.5714285714285714","0.42857142857142855"
"Rita","F","3441","3","r","a","4","1.0","False","False","False","2","1","0","0","0","0","0","0","0","1","0","0","0","0","0","0","0","0","1","0","1","0","0","0","0","0","0","2","2","0.5","0.5"
"Roberta","F","3432","3","r","a","7","0.75","False","False","False","3","1","1","0","0","1","0","0","0","0","0","0","0","0","0","1","0","0","2","0","1","0","0","0","0","0","0","4","3","0.5714285714285714","0.42857142857142855"
"Jo","F","3427","3","j","o","2","1.0","False","False","False","1","0","0","0","0","0","0","0","0","0","1","0","0","0","0","1","0","0","0","0","0","0","0","0","0","0","0","1","1","0.5","0.5"
"Irene","F","3397","3","i","e","5","1.5","False","False","False","2","0","0","0","0","2","0","0","0","1","0","0","0","0","1","0","0","0","1","0","0","0","0","0","0","0","0","2","3","0.4","0.6"
"Ellen","F","3318","3","e","n","5","0.6666666666666666","True","False","True","2","0","0","0","0","2","0","0","0","0","0","0","2","0","1","0","0","0","0","0","0","0","0","0","0","0","0","3","2","0.6","0.4"
"Arlene","F","3258","3","a","e","6","1.0","False","False","False","2","1","0","0","0","2","0","0","0","0","0","0","1","0","1","0","0","0","1","0","0","0","0","0","0","0","0","3","3","0.5","0.5"
"Jacqueline","F","3219","3","j","e","10","1.0","False","False","False","3","1","0","1","0","2","0","0","0","1","1","0","1","0","1","0","0","1","0","0","0","1","0","0","0","0","0","5","5","0.5","0.5"
"Kay","F","3199","3","k","y","3","2.0","False","False","False","1","1","0","0","0","0","0","0","0","0","0","1","0","0","0","0","0","0","0","0","0","0","0","0","0","1","0","1","2","0.3333333333333333","0.6666666666666666"
"Juanita","F","3171","3","j","a","7","1.3333333333333333","False","False","False","3","2","0","0","0","0","0","0","0","1","1","0","0","0","1","0","0","0","0","0","1","1","0","0","0","0","0","3","4","0.42857142857142855","0.5714285714285714"
"Darlene","F","3120","3","d","e","7","0.75","False","False","False","2","1","0","0","1","2","0","0","0","0","0","0","1","0","1","0","0","0","1","0","0","0","0","0","0","0","0","4","3","0.5714285714285714","0.42857142857142855"
"Marlene","F","3117","3","m","e","7","0.75","False","False","False","2","1","0","0","0","2","0","0","0","0","0","0","1","1","1","0","0","0","1","0","0","0","0","0","0","0","0","4","3","0.5714285714285714","0.42857142857142855"
"Sue","F","3105","3","s","e","3","2.0","False","False","False","1","0","0","0","0","1","0","0","0","0","0","0","0","0","0","0","0","0","0","1","0","1","0","0","0","0","0","1","2","0.3333333333333333","0.6666666666666666"
"June","F","2948","3","j","e","4","1.0","False","False","False","1","0","0","0","0","1","0","0","0","0","1","0","0","0","1","0","0","0","0","0","0","1","0","0","0","0","0","2","2","0.5","0.5"
"Delores","F","2929","3","d","s","7","0.75","False","False","False","2","0","0","0","1","2","0","0","0","0","0","0","1","0","0","1","0","0","1","1","0","0","0","0","0","0","0","4","3","0.5714285714285714","0.42857142857142855"
"Anne","F","2898","3","a","e","4","1.0","True","False","True","1","1","0","0","0","1","0","0","0","0","0","0","0","0","2","0","0","0","0","0","0","0","0","0","0","0","0","2","2","0.5","0.5"
"Rosemary","F","2874","3","r","y","8","1.0","False","False","False","4","1","0","0","0","1","0","0","0","0","0","0","0","1","0","1","0","0","2","1","0","0","0","0","0","1","0","4","4","0.5","0.5"
"Edna","F","2834","3","e","a","4","1.0","False","False","False","2","1","0","0","1","1","0","0","0","0","0","0","0","0","1","0","0","0","0","0","0","0","0","0","0","0","0","2","2","0.5","0.5"
"Anita","F","2827","3","a","a","5","1.5","False","False","False","3","2","0","0","0","0","0","0","0","1","0","0","0","0","1","0","0","0","0","0","1","0","0","0","0","0","0","2","3","0.4","0.6"
"Connie","F","2796","3","c","e","6","1.0","True","False","True","1","0","0","1","0","1","0","0","0","1","0","0","0","0","2","1","0","0","0","0","0","0","0","0","0","0","0","3","3","0.5","0.5"
"Josephine","F","2741","3","j","e","9","0.8","False","False","False","3","0","0","0","0","2","0","0","1","1","1","0","0","0","1","1","1","0","0","1","0","0","0","0","0","0","0","5","4","0.5555555555555556","0.4444444444444444"
"Jeanette","F","2727","3","j","e","8","1.0","True","False","True","2","1","0","0","0","3","0","0","0","0","1","0","0","0","1","0","0","0","0","0","2","0","0","0","0","0","0","4","4","0.5","0.5"
"Katherine","F","2709","3","k","e","9","0.8","False","False","False","3","1","0","0","0","2","0","0","1","1","0","1","0","0","1","0","0","0","1","0","1","0","0","0","0","0","0","5","4","0.5555555555555556","0.4444444444444444"
"Julia","F","2705","3","j","a","5","1.5","False","False","False","2","1","0","0","0","0","0","0","0","1","1","0","1","0","0","0","0","0","0","0","0","1","0","0","0","0","0","2","3","0.4","0.6"
"Wilma","F","2621","3","w","a","5","0.6666666666666666","False","False","False","2","1","0","0","0","0","0","0","0","1","0","0","1","1","0","0","0","0","0","0","0","0","0","1","0","0","0","3","2","0.6","0.4"
"Emma","F","2606","3","e","a","4","1.0","True","False","True","2","1","0","0","0","1","0","0","0","0","0","0","0","2","0","0","0","0","0","0","0","0","0","0","0","0","0","2","2","0.5","0.5"
"Lorraine","F","2582","3","l","e","8","1.0","True","False","True","2","1","0","0","0","1","0","0","0","1","0","0","1","0","1","1","0","0","2","0","0","0","0","0","0","0","0","4","4","0.5","0.5"
"Rebecca","F","2555","3","r","a","7","0.75","True","False","True","3","1","1","2","0","2","0","0","0","0","0","0","0","0","0","0","0","0","1","0","0","0","0","0","0","0","0","4","3","0.5714285714285714","0.42857142857142855"
"Lillian","F","2523","3","l","n","7","0.75","True","False","True","3","1","0","0","0","0","0","0","0","2","0","0","3","0","1","0","0","0","0","0","0","0","0","0","0","0","0","4","3","0.5714285714285714","0.42857142857142855"
"Edith","F","2509","3","e","h","5","0.6666666666666666","False","False","False","2","0","0","0","1","1","0","0","1","1","0","0","0","0","0","0","0","0","0","0","1","0","0","0","0","0","0","3","2","0.6","0.4"
"Audrey","F","2502","3","a","y","6","2.0","False","False","False","2","1","0","0","1","1","0","0","0","0","0","0","0","0","0","0","0","0","1","0","0","1","0","0","0","1","0","2","4","0.3333333333333333","0.6666666666666666"
"Florence","F","2465","2","f","e","8","0.6","False","False","False","2","0","0","1","0","2","1","0","0","0","0","0","1","0","1","1","0","0","1","0","0","0","0","0","0","0","0","5","3","0.625","0.375"
"Thelma","F","2459","2","t","a","6","0.5","False","False","False","2","1","0","0","0","1","0","0","1","0","0","0","1","1","0","0","0","0","0","0","1","0","0","0","0","0","0","4","2","0.6666666666666666","0.3333333333333333"
"Theresa","F","2441","2","t","a","7","0.75","False","False","False","3","1","0","0","0","2","0","0","1","0","0","0","0","0","0","0","0","0","1","1","1","0","0","0","0","0","0","4","3","0.5714285714285714","0.42857142857142855"
"Kathryn","F","2439","2","k","n","7","0.4","False","False","False","2","1","0","0","0","0","0","0","1","0","0","1","0","0","1","0","0","0","1","0","1","0","0","0","0","1","0","5","2","0.7142857142857143","0.2857142857142857"
"Pauline","F","2410","2","p","e","7","1.3333333333333333","False","False","False","2","1","0","0","0","1","0","0","0","1","0","0","1","0","1","0","1","0","0","0","0","1","0","0","0","0","0","3","4","0.42857142857142855","0.5714285714285714"
"Grace","F","2385","2","g","e","5","0.6666666666666666","False","False","False","1","1","0","1","0","1","0","1","0","0","0","0","0","0","0","0","0","0","1","0","0","0","0","0","0","0","0","3","2","0.6","0.4"
"Ethel","F","2374","2","e","l","5","0.6666666666666666","False","False","False","2","0","0","0","0","2","0","0","1","0","0","0","1","0","0","0","0","0","0","0","1","0","0","0","0","0","0","3","2","0.6","0.4"
"Laura","F","2351","2","l","a","5","1.5","False","False","False","2","2","0","0","0","0","0","0","0","0","0","0","1","0","0","0","0","0","1","0","0","1","0","0","0","0","0","2","3","0.4","0.6"
"Glenda","F","2350","2","g","a","6","0.5","False","False","False","2","1","0","0","1","1","0","1","0","0","0","0","1","0","1","0","0","0","0","0","0","0","0","0","0","0","0","4","2","0.6666666666666666","0.3333333333333333"
"Suzanne","F","2337","2","s","e","7","0.75","True","False","True","2","1","0","0","0","1","0","0","0","0","0","0","0","0","2","0","0","0","0","1","0","1","0","0","0","0","1","4","3","0.5714285714285714","0.42857142857142855"
"Yvonne","F","2321","2","y","e","6","0.5","True","False","True","1","0","0","0","0","1","0","0","0","0","0","0","0","0","2","1","0","0","0","0","0","0","1","0","0","1","0","3","3","0.5","0.5"
"Clara","F","2315","2","c","a","5","0.6666666666666666","False","False","False","2","2","0","1","0","0","0","0","0","0","0","0","1","0","0","0","0","0","1","0","0","0","0","0","0","0","0","3","2","0.6","0.4"
"Marcia","F","2272","2","m","a","6","1.0","False","False","False","2","2","0","1","0","0","0","0","0","1","0","0","0","1","0","0","0","0","1","0","0","0","0","0","0","0","0","3","3","0.5","0.5"
"Lucille","F","2270","2","l","e","7","0.75","True","False","True","3","0","0","1","0","1","0","0","0","1","0","0","3","0","0","0","0","0","0","0","0","1","0","0","0","0","0","4","3","0.5714285714285714","0.42857142857142855"
"Margie","F","2266","2","m","e","6","1.0","False","False","False","1","1","0","0","0","1","0","1","0","1","0","0","0","1","0","0","0","0","1","0","0","0","0","0","0","0","0","3","3","0.5","0.5"
"Vivian","F","2261","2","v","n","6","1.0","False","False","False","3","1","0","0","0","0","0","0","0","2","0","0","0","0","1","0","0","0","0","0","0","0","2","0","0","0","0","3","3","0.5","0.5"
"Gladys","F","2245","2","g","s","6","0.5","False","False","False","2","1","0","0","1","0","0","1","0","0","0","0","1","0","0","0","0","0","0","1","0","0","0","0","0","1","0","4","2","0.6666666666666666","0.3333333333333333"
"Diana","F","2193","2","d","a","5","1.5","False","False","False","2","2","0","0","1","0","0","0","0","1","0","0","0","0","1","0","0","0","0","0","0","0","0","0","0","0","0","2","3","0.4","0.6"
"Christine","F","2163","2","c","e","9","0.5","False","False","False","2","0","0","1","0","1","0","0","1","2","0","0","0","0","1","0","0","0","1","1","1","0","0","0","0","0","0","6","3","0.6666666666666666","0.3333333333333333"
"Maria","F","2137","2","m","a","5","1.5","False","False","False","2","2","0","0","0","0","0","0","0","1","0","0","0","1","0","0","0","0","1","0","0","0","0","0","0","0","0","2","3","0.4","0.6"
"Marion","F","2111","2","m","n","6","1.0","False","False","False","2","1","0","0","0","0","0","0","0","1","0","0","0","1","1","1","0","0","1","0","0","0","0","0","0","0","0","3","3","0.5","0.5"
"Bernice","F","2089","2","b","e","7","0.75","False","False","False","2","0","1","1","0","2","0","0","0","1","0","0","0","0","1","0","0","0","1","0","0","0","0","0","0","0","0","4","3","0.5714285714285714","0.42857142857142855"
"Sara","F","2087","2","s","a","4","1.0","False","False","False","2","2","0","0","0","0","0","0","0","0","0","0","0","0","0","0","0","0","1","1","0","0","0","0","0","0","0","2","2","0.5","0.5"
"Hazel","F","2067","2","h","l","5","0.6666666666666666","False","False","False","2","1","0","0","0","1","0","0","1","0","0","0","1","0","0","0","0","0","0","0","0","0","0","0","0","0","1","3","2","0.6","0.4"
"Constance","F","2039","2","c","e","9","0.5","False","False","False","2","1","0","2","0","1","0","0","0","0","0","0","0","0","2","1","0","0","0","1","1","0","0","0","0","0","0","6","3","0.6666666666666666","0.3333333333333333"
"Eileen","F","2034","2","e","n","6","2.0","True","True","False","2","0","0","0","0","3","0","0","0","1","0","0","1","0","1","0","0","0","0","0","0","0","0","0","0","0","0","2","4","0.3333333333333333","0.6666666666666666"
"Annette","F","2003","2","a","e","7","0.75","True","False","True","2","1","0","0","0","2","0","0","0","0","0","0","0","0","2","0","0","0","0","0","2","0","0","0","0","0","0","4","3","0.5714285714285714","0.42857142857142855"
"Priscilla","F","1969","2","p","a","9","0.5","True","False","True","3","1","0","1","0","0","0","0","0","2","0","0","2","0","0","0","1","0","1","1","0","0","0","0","0","0","0","6","3","0.6666666666666666","0.3333333333333333"
"Willie","F","1937","2","w","e","6","1.0","True","False","True","1","0","0","0","0","1","0","0","0","2","0","0","2","0","0","0","0","0","0","0","0","0","0","1","0","0","0","3","3","0.5","0.5"
"Jeanne","F","1927","2","j","e","6","1.0","True","False","True","1","1","0","0","0","2","0","0","0","0","1","0","0","0","2","0","0","0","0","0","0","0","0","0","0","0","0","3","3","0.5","0.5"
"Sheila","F","1922","2","s","a","6","1.0","False","False","False","2","1","0","0","0","1","0","0","1","1","0","0","1","0","0","0","0","0","0","1","0","0","0","0","0","0","0","3","3","0.5","0.5"
"Esther","F","1901","2","e","r","6","0.5","False","False","False","2","0","0","0","0","2","0","0","1","0","0","0","0","0","0","0","0","0","1","1","1","0","0","0","0","0","0","4","2","0.6666666666666666","0.3333333333333333"
"Eva","F","1889","2","e","a","3","2.0","False","False","False","1","1","0","0","0","1","0","0","0","0","0","0","0","0","0","0","0","0","0","0","0","0","1","0","0","0","0","1","2","0.3333333333333333","0.6666666666666666"
"Cynthia","F","1881","2","c","a","7","0.75","False","False","False","2","1","0","1","0","0","0","0","1","1","0","0","0","0","1","0","0","0","0","0","1","0","0","0","0","1","0","4","3","0.5714285714285714","0.42857142857142855"
"Pat","F","1863","2","p","t","3","0.5","False","False","False","1","1","0","0","0","0","0","0","0","0","0","0","0","0","0","0","1","0","0","0","1","0","0","0","0","0","0","2","1","0.6666666666666666","0.3333333333333333"
"Maureen","F","1810","2","m","n","7","1.3333333333333333","True","True","False","2","1","0","0","0","2","0","0","0","0","0","0","0","1","1","0","0","0","1","0","0","1","0","0","0","0","0","3","4","0.42857142857142855","0.5714285714285714"
"Deanna","F","1801","2","d","a","6","1.0","True","False","True","2","2","0","0","1","1","0","0","0","0","0","0","0","0","2","0","0","0","0","0","0","0","0","0","0","0","0","3","3","0.5","0.5"
"Maxine","F","1784","2","m","e","6","1.0","False","False","False","2","1","0","0","0","1","0","0","0","1","0","0","0","1","1","0","0","0","0","0","0","0","0","0","1","0","0","3","3","0.5","0.5"
"Georgia","F","1773","2","g","a","7","1.3333333333333333","False","False","False","2","1","0","0","0","1","0","2","0","1","0","0","0","0","0","1","0","0","1","0","0","0","0","0","0","0","0","3","4","0.42857142857142855","0.5714285714285714"
"Rosalie","F","1735","2","r","e","7","1.3333333333333333","False","False","False","2","1","0","0","0","1","0","0","0","1","0","0","1","0","0","1","0","0","1","1","0","0","0","0","0","0","0","3","4","0.42857142857142855","0.5714285714285714"
"Bertha","F","1730","2","b","a","6","0.5","False","False","False","2","1","1","0","0","1","0","0","1","0","0","0","0","0","0","0","0","0","1","0","1","0","0","0","0","0","0","4","2","0.6666666666666666","0.3333333333333333"
"Beatrice","F","1727","2","b","e","8","1.0","False","False","False","2","1","1","1","0","2","0","0","0","1","0","0","0","0","0","0","0","0","1","0","1","0","0","0","0","0","0","4","4","0.5","0.5"
"Marian","F","1693","2","m","n","6","1.0","False","False","False","3","2","0","0","0","0","0","0","0","1","0","0","0","1","1","0","0","0","1","0","0","0","0","0","0","0","0","3","3","0.5","0.5"
"Lillie","F","1691","2","l","e","6","1.0","True","False","True","1","0","0","0","0","1","0","0","0","2","0","0","3","0","0","0","0","0","0","0","0","0","0","0","0","0","0","3","3","0.5","0.5"
"Ida","F","1688","2","i","a","3","2.0","False","False","False","1","1","0","0","1","0","0","0","0","1","0","0","0","0","0","0","0","0","0","0","0","0","0","0","0","0","0","1","2","0.3333333333333333","0.6666666666666666"
"Charlene","F","1686","2","c","e","8","0.6","False","False","False","2","1","0","1","0","2","0","0","1","0","0","0","1","0","1","0","0","0","1","0","0","0","0","0","0","0","0","5","3","0.625","0.375"
"Ella","F","1670","2","e","a","4","1.0","True","False","True","2","1","0","0","0","1","0","0","0","0","0","0","2","0","0","0","0","0","0","0","0","0","0","0","0","0","0","2","2","0.5","0.5"
"Bobbie","F","1632","2","b","e","6","1.0","True","False","True","1","0","3","0","0","1","0","0","0","1","0","0","0","0","0","1","0","0","0","0","0","0","0","0","0","0","0","3","3","0.5","0.5"
"Rosa","F","1551","2","r","a","4","1.0","False","False","False","2","1","0","0","0","0","0","0","0","0","0","0","0","0","0","1","0","0","1","1","0","0","0","0","0","0","0","2","2","0.5","0.5"
"Billie","F","1484","1","b","e","6","1.0","True","False","True","1","0","1","0","0","1","0","0","0","2","0","0","2","0","0","0","0","0","0","0","0","0","0","0","0","0","0","3","3","0.5","0.5"
"Myrna","F","1471","1","m","a","5","0.6666666666666666","False","False","False","2","1","0","0","0","0","0","0","0","0","0","0","0","1","1","0","0","0","1","0","0","0","0","0","0","1","0","3","2","0.6","0.4"
"Elsie","F","1466","1","e","e","5","1.5","False","False","False","1","0","0","0","0","2","0","0","0","1","0","0","1","0","0","0","0","0","0","1","0","0","0","0","0","0","0","2","3","0.4","0.6"
"Alma","F","1429","1","a","a","4","1.0","False","False","False","2","2","0","0","0","0","0","0","0","0","0","0","1","1","0","0","0","0","0","0","0","0","0","0","0","0","0","2","2","0.5","0.5"
"Faye","F","1391","1","f","e","4","3.0","False","False","False","1","1","0","0","0","1","1","0","0","0","0","0","0","0","0","0","0","0","0","0","0","0","0","0","0","1","0","1","3","0.25","0.75"
"Lucy","F","1380","1","l","y","4","1.0","False","False","False","2","0","0","1","0","0","0","0","0","0","0","0","1","0","0","0","0","0","0","0","0","1","0","0","0","1","0","2","2","0.5","0.5"
"Paula","F","1372","1","p","a","5","1.5","False","False","False","2","2","0","0","0","0","0","0","0","0","0","0","1","0","0","0","1","0","0","0","0","1","0","0","0","0","0","2","3","0.4","0.6"
"Maryann","F","1365","1","m","n","7","0.75","True","False","True","2","2","0","0","0","0","0","0","0","0","0","0","0","1","2","0","0","0","1","0","0","0","0","0","0","1","0","4","3","0.5714285714285714","0.42857142857142855"
"Harriet","F","1362","1","h","t","7","0.75","True","False","True","2","1","0","0","0","1","0","0","1","1","0","0","0","0","0","0","0","0","2","0","1","0","0","0","0","0","0","4","3","0.5714285714285714","0.42857142857142855"
"Jessie","F","1334","1","j","e","6","1.0","True","False","True","1","0","0","0","0","2","0","0","0","1","1","0","0","0","0","0","0","0","0","2","0","0","0","0","0","0","0","3","3","0.5","0.5"
"Vera","F","1321","1","v","a","4","1.0","False","False","False","2","1","0","0","0","1","0","0","0","0","0","0","0","0","0","0","0","0","1","0","0","0","1","0","0","0","0","2","2","0.5","0.5"
"Joy","F","1310","1","j","y","3","2.0","False","False","False","1","0","0","0","0","0","0","0","0","0","1","0","0","0","0","1","0","0","0","0","0","0","0","0","0","1","0","1","2","0.3333333333333333","0.6666666666666666"
"Nellie","F","1298","1","n","e","6","1.0","True","False","True","1","0","0","0","0","2","0","0","0","1","0","0","2","0","1","0","0","0","0","0","0","0","0","0","0","0","0","3","3","0.5","0.5"
"Bessie","F","1296","1","b","e","6","1.0","True","False","True","1","0","1","0","0","2","0","0","0","1","0","0","0","0","0","0","0","0","0","2","0","0","0","0","0","0","0","3","3","0.5","0.5"
"Mattie","F","1293","1","m","e","6","1.0","True","False","True","1","1","0","0","0","1","0","0","0","1","0","0","0","1","0","0","0","0","0","0","2","0","0","0","0","0","0","3","3","0.5","0.5"
"Emily","F","1269","1","e","y","5","1.5","False","False","False","3","0","0","0","0","1","0","0","0","1","0","0","1","1","0","0","0","0","0","0","0","0","0","0","0","1","0","2","3","0.4","0.6"
"Lynda","F","1266","1","l","a","5","0.6666666666666666","False","False","False","2","1","0","0","1","0","0","0","0","0","0","0","1","0","1","0","0","0","0","0","0","0","0","0","0","1","0","3","2","0.6","0.4"
"Rachel","F","1264","1","r","l","6","0.5","False","False","False","2","1","0","1","0","1","0","0","1","0","0","0","1","0","0","0","0","0","1","0","0","0","0","0","0","0","0","4","2","0.6666666666666666","0.3333333333333333"
"Dianne","F","1234","1","d","e","6","1.0","True","False","True","1","1","0","0","1","1","0","0","0","1","0","0","0","0","2","0","0","0","0","0","0","0","0","0","0","0","0","3","3","0.5","0.5"
"Minnie","F","1227","1","m","e","6","1.0","True","False","True","1","0","0","0","0","1","0","0","0","2","0","0","0","1","2","0","0","0","0","0","0","0","0","0","0","0","0","3","3","0.5","0.5"
"Gwendolyn","F","1222","1","g","n","9","0.5","False","False","False","3","0","0","0","1","1","0","1","0","0","0","0","1","0","2","1","0","0","0","0","0","0","0","1","0","1","0","6","3","0.6666666666666666","0.3333333333333333"
"Agnes","F","1190","1","a","s","5","0.6666666666666666","False","False","False","1","1","0","0","0","1","0","1","0","0","0","0","0","0","1","0","0","0","0","1","0","0","0","0","0","0","0","3","2","0.6","0.4"
"Dixie","F","1169","1","d","e","5","1.5","False","False","False","1","0","0","0","1","1","0","0","0","2","0","0","0","0","0","0","0","0","0","0","0","0","0","0","1","0","0","2","3","0.4","0.6"
"Caroline","F","1161","1","c","e","8","1.0","False","False","False","3","1","0","1","0","1","0","0","0","1","0","0","1","0","1","1","0","0","1","0","0","0","0","0","0","0","0","4","4","0.5","0.5"
"Rosemarie","F","1128","1","r","e","9","1.25","False","False","False","3","1","0","0","0","2","0","0","0","1","0","0","0","1","0","1","0","0","2","1","0","0","0","0","0","0","0","4","5","0.4444444444444444","0.5555555555555556"
"Rosie","F","1120","1","r","e","5","1.5","False","False","False","1","0","0","0","0","1","0","0","0","1","0","0","0","0","0","1","0","0","1","1","0","0","0","0","0","0","0","2","3","0.4","0.6"
"Patty","F","1101","1","p","y","5","0.6666666666666666","True","False","True","2","1","0","0","0","0","0","0","0","0","0","0","0","0","0","0","1","0","0","0","2","0","0","0","0","1","0","3","2","0.6","0.4"
"Carrie","F","1092","1","c","e","6","1.0","True","False","True","1","1","0","1","0","1","0","0","0","1","0","0","0","0","0","0","0","0","2","0","0","0","0","0","0","0","0","3","3","0.5","0.5"
"Gayle","F","1086","1","g","e","5","1.5","False","False","False","2","1","0","0","0","1","0","1","0","0","0","0","1","0","0","0","0","0","0","0","0","0","0","0","0","1","0","2","3","0.4","0.6"
"Geneva","F","1071","1","g","a","6","1.0","False","False","False","3","1","0","0","0","2","0","1","0","0","0","0","0","0","1","0","0","0","0","0","0","0","1","0","0","0","0","3","3","0.5","0.5"
"Naomi","F","1053","1","n","i","5","1.5","False","False","False","2","1","0","0","0","0","0","0","0","1","0","0","0","1","1","1","0","0","0","0","0","0","0","0","0","0","0","2","3","0.4","0.6"
"Julie","F","1040","1","j","e","5","1.5","False","False","False","1","0","0","0","0","1","0","0","0","1","1","0","1","0","0","0","0","0","0","0","0","1","0","0","0","0","0","2","3","0.4","0.6"
"Dora","F","1039","1","d","a","4","1.0","False","False","False","2","1","0","0","1","0","0","0","0","0","0","0","0","0","0","1","0","0","1","0","0","0","0","0","0","0","0","2","2","0.5","0.5"
"Jeannette","F","1038","1","j","e","9","0.8","True","False","True","2","1","0","0","0","3","0","0","0","0","1","0","0","0","2","0","0","0","0","0","2","0","0","0","0","0","0","5","4","0.5555555555555556","0.4444444444444444"
"Leona","F","1026","1","l","a","5","1.5","False","False","False","2","1","0","0","0","1","0","0","0","0","0","0","1","0","1","1","0","0","0","0","0","0","0","0","0","0","0","2","3","0.4","0.6"
"Myrtle","F","1020","1","m","e","6","0.5","False","False","False","2","0","0","0","0","1","0","0","0","0","0","0","1","1","0","0","0","0","1","0","1","0","0","0","0","1","0","4","2","0.6666666666666666","0.3333333333333333"
"Mae","F","1018","1","m","e","3","2.0","False","False","False","1","1","0","0","0","1","0","0","0","0","0","0","0","1","0","0","0","0","0","0","0","0","0","0","0","0","0","1","2","0.3333333333333333","0.6666666666666666"
"Gertrude","F","1010","1","g","e","8","0.6","False","False","False","2","0","0","0","1","2","0","1","0","0","0","0","0","0","0","0","0","0","2","0","1","1","0","0","0","0","0","5","3","0.625","0.375"
"Shelby","F","1007","1","s","y","6","0.5","False","False","False","2","0","1","0","0","1","0","0","1","0","0","0","1","0","0","0","0","0","0","1","0","0","0","0","0","1","0","4","2","0.6666666666666666","0.3333333333333333"
"James","M","62473","62","j","s","5","0.6666666666666666","False","False","False","1","1","0","0","0","1","0","0","0","0","1","0","0","1","0","0","0","0","0","1","0","0","0","0","0","0","0","3","2","0.6","0.4"
"Robert","M","61194","61","r","t","6","0.5","False","False","False","2","0","1","0","0","1","0","0","0","0","0","0","0","0","0","1","0","0","2","0","1","0","0","0","0","0","0","4","2","0.6666666666666666","0.3333333333333333"
"John","M","54766","55","j","n","4","0.3333333333333333","False","False","False","1","0","0","0","0","0","0","0","1","0","1","0","0","0","1","1","0","0","0","0","0","0","0","0","0","0","0","3","1","0.75","0.25"
"William","M","44775","45","w","m","7","0.75","True","False","True","2","1","0","0","0","0","0","0","0","2","0","0","2","1","0","0","0","0","0","0","0","0","0","1","0","0","0","4","3","0.5714285714285714","0.42857142857142855"
"Richard","M","37418","37","r","d","7","0.4","False","False","False","2","1","0","1","1","0","0","0","1","1","0","0","0","0","0","0","0","0","2","0","0","0","0","0","0","0","0","5","2","0.7142857142857143","0.2857142857142857"
"Charles","M","31679","32","c","s","7","0.4","False","False","False","1","1","0","1","0","1","0","0","1","0","0","0","1","0","0","0","0","0","1","1","0","0","0","0","0","0","0","5","2","0.7142857142857143","0.2857142857142857"
"David","M","27685","28","d","d","5","0.6666666666666666","False","False","False","2","1","0","0","2","0","0","0","0","1","0","0","0","0","0","0","0","0","0","0","0","0","1","0","0","0","0","3","2","0.6","0.4"
"Thomas","M","23985","24","t","s","6","0.5","False","False","False","2","1","0","0","0","0","0","0","1","0","0","0","0","1","0","1","0","0","0","1","1","0","0","0","0","0","0","4","2","0.6666666666666666","0.3333333333333333"
"Donald","M","23106","23","d","d","6","0.5","False","False","False","2","1","0","0","2","0","0","0","0","0","0","0","1","0","1","1","0","0","0","0","0","0","0","0","0","0","0","4","2","0.6666666666666666","0.3333333333333333"
"Ronald","M","20730","21","r","d","6","0.5","False","False","False","2","1","0","0","1","0","0","0","0","0","0","0","1","0","1","1","0","0","1","0","0","0","0","0","0","0","0","4","2","0.6666666666666666","0.3333333333333333"
"George","M","18307","18","g","e","6","1.0","False","False","False","1","0","0","0","0","2","0","2","0","0","0","0","0","0","0","1","0","0","1","0","0","0","0","0","0","0","0","3","3","0.5","0.5"
"Joseph","M","18204","18","j","h","6","0.5","False","False","False","2","0","0","0","0","1","0","0","1","0","1","0","0","0","0","1","1","0","0","1","0","0","0","0","0","0","0","4","2","0.6666666666666666","0.3333333333333333"
"Larry","M","17201","17","l","y","5","0.6666666666666666","True","False","True","2","1","0","0","0","0","0","0","0","0","0","0","1","0","0","0","0","0","2","0","0","0","0","0","0","1","0","3","2","0.6","0.4"
"Jerry","M","15200","15","j","y","5","0.6666666666666666","True","False","True","2","0","0","0","0","1","0","0","0","0","1","0","0","0","0","0","0","0","2","0","0","0","0","0","0","1","0","3","2","0.6","0.4"
"Kenneth","M","15133","15","k","h","7","0.4","True","False","True","2","0","0","0","0","2","0","0","1","0","0","1","0","0","2","0","0","0","0","0","1","0","0","0","0","0","0","5","2","0.7142857142857143","0.2857142857142857"
"Edward","M","14400","14","e","d","6","0.5","False","False","False","2","1","0","0","2","1","0","0","0","0","0","0","0","0","0","0","0","0","1","0","0","0","0","1","0","0","0","4","2","0.6666666666666666","0.3333333333333333"
"Paul","M","14104","14","p","l","4","1.0","False","False","False","1","1","0","0","0","0","0","0","0","0","0","0","1","0","0","0","1","0","0","0","0","1","0","0","0","0","0","2","2","0.5","0.5"
"Michael","M","13231","13","m","l","7","0.75","False","False","False","2","1","0","1","0","1","0","0","1","1","0","0","1","1","0","0","0","0","0","0","0","0","0","0","0","0","0","4","3","0.5714285714285714","0.42857142857142855"
"Gary","M","12568","13","g","y","4","1.0","False","False","False","2","1","0","0","0","0","0","1","0","0","0","0","0","0","0","0","0","0","1","0","0","0","0","0","0","1","0","2","2","0.5","0.5"
"Frank","M","10596","11","f","k","5","0.25","False","False","False","1","1","0","0","0","0","1","0","0","0","0","1","0","0","1","0","0","0","1","0","0","0","0","0","0","0","0","4","1","0.8","0.2"
"Gerald","M","10240","10","g","d","6","0.5","False","False","False","2","1","0","0","1","1","0","1","0","0","0","0","1","0","0","0","0","0","1","0","0","0","0","0","0","0","0","4","2","0.6666666666666666","0.3333333333333333"
"Raymond","M","9567","10","r","d","7","0.75","False","False","False","2","1","0","0","1","0","0","0","0","0","0","0","0","1","1","1","0","0","1","0","0","0","0","0","0","1","0","4","3","0.5714285714285714","0.42857142857142855"
"Harold","M","8074","8","h","d","6","0.5","False","False","False","2","1","0","0","1","0","0","0","1","0","0","0","1","0","0","1","0","0","1","0","0","0","0","0","0","0","0","4","2","0.6666666666666666","0.3333333333333333"
"Dennis","M","7845","8","d","s","6","0.5","True","False","True","2","0","0","0","1","1","0","0","0","1","0","0","0","0","2","0","0","0","0","1","0","0","0","0","0","0","0","4","2","0.6666666666666666","0.3333333333333333"
"Walter","M","7722","8","w","r","6","0.5","False","False","False","2","1","0","0","0","1","0","0","0","0","0","0","1","0","0","0","0","0","1","0","1","0","0","1","0","0","0","4","2","0.6666666666666666","0.3333333333333333"
"Roger","M","7599","8","r","r","5","0.6666666666666666","False","False","False","2","0","0","0","0","1","0","1","0","0","0","0","0","0","0","1","0","0","2","0","0","0","0","0","0","0","0","3","2","0.6","0.4"
"Billy","M","7593","8","b","y","5","0.6666666666666666","True","False","True","2","0","1","0","0","0","0","0","0","1","0","0","2","0","0","0","0","0","0","0","0","0","0","0","0","1","0","3","2","0.6","0.4"
"Joe","M","7221","7","j","e","3","2.0","False","False","False","1","0","0","0","0","1","0","0","0","0","1","0","0","0","0","1","0","0","0","0","0","0","0","0","0","0","0","1","2","0.3333333333333333","0.6666666666666666"
"Jack","M","7046","7","j","k","4","0.3333333333333333","False","False","False","1","1","0","1","0","0","0","0","0","0","1","1","0","0","0","0","0","0","0","0","0","0","0","0","0","0","0","3","1","0.75","0.25"
"Bobby","M","6881","7","b","y","5","0.6666666666666666","True","False","True","2","0","3","0","0","0","0","0","0","0","0","0","0","0","0","1","0","0","0","0","0","0","0","0","0","1","0","3","2","0.6","0.4"
"Henry","M","6818","7","h","y","5","0.6666666666666666","False","False","False","2","0","0","0","0","1","0","0","1","0","0","0","0","0","1","0","0","0","1","0","0","0","0","0","0","1","0","3","2","0.6","0.4"
"Carl","M","6754","7","c","l","4","0.3333333333333333","False","False","False","1","1","0","1","0","0","0","0","0","0","0","0","1","0","0","0","0","0","1","0","0","0","0","0","0","0","0","3","1","0.75","0.25"
"Arthur","M","6508","7","a","r","6","0.5","False","False","False","2","1","0","0","0","0","0","0","1","0","0","0","0","0","0","0","0","0","2","0","1","1","0","0","0","0","0","4","2","0.6666666666666666","0.3333333333333333"
"Daniel","M","6220","6","d","l","6","1.0","False","False","False","2","1","0","0","1","1","0","0","0","1","0","0","1","0","1","0","0","0","0","0","0","0","0","0","0","0","0","3","3","0.5","0.5"
"Lawrence","M","6172","6","l","e","8","0.6","False","False","False","2","1","0","1","0","2","0","0","0","0","0","0","1","0","1","0","0","0","1","0","0","0","0","1","0","0","0","5","3","0.625","0.375"
"Willie","M","6170","6","w","e","6","1.0","True","False","True","1","0","0","0","0","1","0","0","0","2","0","0","2","0","0","0","0","0","0","0","0","0","0","1","0","0","0","3","3","0.5","0.5"
"Ralph","M","5834","6","r","h","5","0.25","False","False","False","1","1","0","0","0","0","0","0","1","0","0","0","1","0","0","0","1","0","1","0","0","0","0","0","0","0","0","4","1","0.8","0.2"
"Eugene","M","5798","6","e","e","6","2.0","False","False","False","2","0","0","0","0","3","0","1","0","0","0","0","0","0","1","0","0","0","0","0","0","1","0","0","0","0","0","2","4","0.3333333333333333","0.6666666666666666"
"Wayne","M","5726","6","w","e","5","1.5","False","False","False","1","1","0","0","0","1","0","0","0","0","0","0","0","0","1","0","0","0","0","0","0","0","0","1","0","1","0","2","3","0.4","0.6"
"Fred","M","5585","6","f","d","4","0.3333333333333333","False","False","False","1","0","0","0","1","1","1","0","0","0","0","0","0","0","0","0","0","0","1","0","0","0","0","0","0","0","0","3","1","0.75","0.25"
"Albert","M","5569","6","a","t","6","0.5","False","False","False","2","1","1","0","0","1","0","0","0","0","0","0","1","0","0","0","0","0","1","0","1","0","0","0","0","0","0","4","2","0.6666666666666666","0.3333333333333333"
"Roy","M","5563","6","r","y","3","2.0","False","False","False","1","0","0","0","0","0","0","0","0","0","0","0","0","0","0","1","0","0","1","0","0","0","0","0","0","1","0","1","2","0.3333333333333333","0.6666666666666666"
"Peter","M","5049","5","p","r","5","0.6666666666666666","False","False","False","2","0","0","0","0","2","0","0","0","0","0","0","0","0","0","0","1","0","1","0","1","0","0","0","0","0","0","3","2","0.6","0.4"
"Jimmy","M","4964","5","j","y","5","0.6666666666666666","True","False","True","2","0","0","0","0","0","0","0","0","1","1","0","0","2","0","0","0","0","0","0","0","0","0","0","0","1","0","3","2","0.6","0.4"
"Howard","M","4825","5","h","d","6","0.5","False","False","False","2","1","0","0","1","0","0","0","1","0","0","0","0","0","0","1","0","0","1","0","0","0","0","1","0","0","0","4","2","0.6666666666666666","0.3333333333333333"
"Anthony","M","4768","5","a","y","7","0.75","False","False","False","3","1","0","0","0","0","0","0","1","0","0","0","0","0","2","1","0","0","0","0","1","0","0","0","0","1","0","4","3","0.5714285714285714","0.42857142857142855"
"Harry","M","4677","5","h","y","5","0.6666666666666666","True","False","True","2","1","0","0","0","0","0","0","1","0","0","0","0","0","0","0","0","0","2","0","0","0","0","0","0","1","0","3","2","0.6","0.4"
"Norman","M","4577","5","n","n","6","0.5","False","False","False","2","1","0","0","0","0","0","0","0","0","0","0","0","1","2","1","0","0","1","0","0","0","0","0","0","0","0","4","2","0.6666666666666666","0.3333333333333333"
"Stephen","M","4423","4","s","n","7","0.4","False","False","False","2","0","0","0","0","2","0","0","1","0","0","0","0","0","1","0","1","0","0","1","1","0","0","0","0","0","0","5","2","0.7142857142857143","0.2857142857142857"
"Louis","M","4324","4","l","s","5","1.5","False","False","False","1","0","0","0","0","0","0","0","0","1","0","0","1","0","0","1","0","0","0","1","0","1","0","0","0","0","0","2","3","0.4","0.6"
"Johnny","M","3996","4","j","y","6","0.5","True","False","True","2","0","0","0","0","0","0","0","1","0","1","0","0","0","2","1","0","0","0","0","0","0","0","0","0","1","0","4","2","0.6666666666666666","0.3333333333333333"
"Earl","M","3942","4","e","l","4","1.0","False","False","False","1","1","0","0","0","1","0","0","0","0","0","0","1","0","0","0","0","0","1","0","0","0","0","0","0","0","0","2","2","0.5","0.5"
"Melvin","M","3933","4","m","n","6","0.5","False","False","False","2","0","0","0","0","1","0","0","0","1","0","0","1","1","1","0","0","0","0","0","0","0","1","0","0","0","0","4","2","0.6666666666666666","0.3333333333333333"
"Leonard","M","3815","4","l","d","7","0.75","False","False","False","2","1","0","0","1","1","0","0","0","0","0","0","1","0","1","1","0","0","1","0","0","0","0","0","0","0","0","4","3","0.5714285714285714","0.42857142857142855"
"Bruce","M","3789","4","b","e","5","0.6666666666666666","False","False","False","1","0","1","1","0","1","0","0","0","0","0","0","0","0","0","0","0","0","1","0","0","1","0","0","0","0","0","3","2","0.6","0.4"
"Douglas","M","3731","4","d","s","7","0.75","False","False","False","2","1","0","0","1","0","0","1","0","0","0","0","1","0","0","1","0","0","0","1","0","1","0","0","0","0","0","4","3","0.5714285714285714","0.42857142857142855"
"Dale","M","3698","4","d","e","4","1.0","False","False","False","2","1","0","0","1","1","0","0","0","0","0","0","1","0","0","0","0","0","0","0","0","0","0","0","0","0","0","2","2","0.5","0.5"
"Ernest","M","3696","4","e","t","6","0.5","False","False","False","2","0","0","0","0","2","0","0","0","0","0","0","0","0","1","0","0","0","1","1","1","0","0","0","0","0","0","4","2","0.6666666666666666","0.3333333333333333"
"Stanley","M","3692","4","s","y","7","0.75","False","False","False","2","1","0","0","0","1","0","0","0","0","0","0","1","0","1","0","0","0","0","1","1","0","0","0","0","1","0","4","3","0.5714285714285714","0.42857142857142855"
"Philip","M","3676","4","p","p","6","0.5","False","False","False","2","0","0","0","0","0","0","0","1","2","0","0","1","0","0","0","2","0","0","0","0","0","0","0","0","0","0","4","2","0.6666666666666666","0.3333333333333333"
"Francis","M","3606","4","f","s","7","0.4","False","False","False","2","1","0","1","0","0","1","0","0","1","0","0","0","0","1","0","0","0","1","1","0","0","0","0","0","0","0","5","2","0.7142857142857143","0.2857142857142857"
"Don","M","3543","4","d","n","3","0.5","False","False","False","1","0","0","0","1","0","0","0","0","0","0","0","0","0","1","1","0","0","0","0","0","0","0","0","0","0","0","2","1","0.6666666666666666","0.3333333333333333"
"Marvin","M","3499","3","m","n","6","0.5","False","False","False","2","1","0","0","0","0","0","0","0","1","0","0","0","1","1","0","0","0","1","0","0","0","1","0","0","0","0","4","2","0.6666666666666666","0.3333333333333333"
"Clarence","M","3484","3","c","e","8","0.6","False","False","False","2","1","0","2","0","2","0","0","0","0","0","0","1","0","1","0","0","0","1","0","0","0","0","0","0","0","0","5","3","0.625","0.375"
"Samuel","M","3361","3","s","l","6","1.0","False","False","False","2","1","0","0","0","1","0","0","0","0","0","0","1","1","0","0","0","0","0","1","0","1","0","0","0","0","0","3","3","0.5","0.5"
"Leroy","M","3310","3","l","y","5","1.5","False","False","False","2","0","0","0","0","1","0","0","0","0","0","0","1","0","0","1","0","0","1","0","0","0","0","0","0","1","0","2","3","0.4","0.6"
"Bill","M","3268","3","b","l","4","0.3333333333333333","True","False","True","1","0","1","0","0","0","0","0","0","1","0","0","2","0","0","0","0","0","0","0","0","0","0","0","0","0","0","3","1","0.75","0.25"
"Frederick","M","3092","3","f","k","9","0.5","False","False","False","3","0","0","1","1","2","1","0","0","1","0","1","0","0","0","0","0","0","2","0","0","0","0","0","0","0","0","6","3","0.6666666666666666","0.3333333333333333"
"Alfred","M","3063","3","a","d","6","0.5","False","False","False","1","1","0","0","1","1","1","0","0","0","0","0","1","0","0","0","0","0","1","0","0","0","0","0","0","0","0","4","2","0.6666666666666666","0.3333333333333333"
"Gene","M","3060","3","g","e","4","1.0","False","False","False","1","0","0","0","0","2","0","1","0","0","0","0","0","0","1","0","0","0","0","0","0","0","0","0","0","0","0","2","2","0.5","0.5"
"Allen","M","3031","3","a","n","5","0.6666666666666666","True","False","True","2","1","0","0","0","1","0","0","0","0","0","0","2","0","1","0","0","0","0","0","0","0","0","0","0","0","0","3","2","0.6","0.4"
"Russell","M","3011","3","r","l","7","0.4","True","False","True","2","0","0","0","0","1","0","0","0","0","0","0","2","0","0","0","0","0","1","2","0","1","0","0","0","0","0","5","2","0.7142857142857143","0.2857142857142857"
"Terry","M","2981","3","t","y","5","0.6666666666666666","True","False","True","2","0","0","0","0","1","0","0","0","0","0","0","0","0","0","0","0","0","2","0","1","0","0","0","0","1","0","3","2","0.6","0.4"
"Patrick","M","2883","3","p","k","7","0.4","False","False","False","2","1","0","1","0","0","0","0","0","1","0","1","0","0","0","0","1","0","1","0","1","0","0","0","0","0","0","5","2","0.7142857142857143","0.2857142857142857"
"Herbert","M","2873","3","h","t","7","0.4","False","False","False","2","0","1","0","0","2","0","0","1","0","0","0","0","0","0","0","0","0","2","0","1","0","0","0","0","0","0","5","2","0.7142857142857143","0.2857142857142857"
"Tommy","M","2826","3","t","y","5","0.6666666666666666","True","False","True","2","0","0","0","0","0","0","0","0","0","0","0","0","2","0","1","0","0","0","0","1","0","0","0","0","1","0","3","2","0.6","0.4"
"Ray","M","2792","3","r","y","3","2.0","False","False","False","1","1","0","0","0","0","0","0","0","0","0","0","0","0","0","0","0","0","1","0","0","0","0","0","0","1","0","1","2","0.3333333333333333","0.6666666666666666"
"Jim","M","2713","3","j","m","3","0.5","False","False","False","1","0","0","0","0","0","0","0","0","1","1","0","0","1","0","0","0","0","0","0","0","0","0","0","0","0","0","2","1","0.6666666666666666","0.3333333333333333"
"Phillip","M","2625","3","p","p","7","0.4","True","False","True","2","0","0","0","0","0","0","0","1","2","0","0","2","0","0","0","2","0","0","0","0","0","0","0","0","0","0","5","2","0.7142857142857143","0.2857142857142857"
"Lee","M","2624","3","l","e","3","2.0","True","True","False","1","0","0","0","0","2","0","0","0","0","0","0","1","0","0","0","0","0","0","0","0","0","0","0","0","0","0","1","2","0.3333333333333333","0.6666666666666666"
"Eddie","M","2578","3","e","e","5","1.5","True","False","True","1","0","0","0","2","2","0","0","0","1","0","0","0","0","0","0","0","0","0","0","0","0","0","0","0","0","0","2","3","0.4","0.6"
"Bernard","M","2468","2","b","d","7","0.4","False","False","False","2","1","1","0","1","1","0","0","0","0","0","0","0","0","1","0","0","0","2","0","0","0","0","0","0","0","0","5","2","0.7142857142857143","0.2857142857142857"
"Glenn","M","2465","2","g","n","5","0.25","True","False","True","1","0","0","0","0","1","0","1","0","0","0","0","1","0","2","0","0","0","0","0","0","0","0","0","0","0","0","4","1","0.8","0.2"
"Andrew","M","2430","2","a","w","6","0.5","False","False","False","2","1","0","0","1","1","0","0","0","0","0","0","0","0","1","0","0","0","1","0","0","0","0","1","0","0","0","4","2","0.6666666666666666","0.3333333333333333"
"Martin","M","2423","2","m","n","6","0.5","False","False","False","2","1","0","0","0","0","0","0","0","1","0","0","0","1","1","0","0","0","1","0","1","0","0","0","0","0","0","4","2","0.6666666666666666","0.3333333333333333"
"Jimmie","M","2406","2","j","e","6","1.0","True","False","True","1","0","0","0","0","1","0","0","0","2","1","0","0","2","0","0","0","0","0","0","0","0","0","0","0","0","0","3","3","0.5","0.5"
"Franklin","M","2390","2","f","n","8","0.3333333333333333","False","False","False","2","1","0","0","0","0","1","0","0","1","0","1","1","0","2","0","0","0","1","0","0","0","0","0","0","0","0","6","2","0.75","0.25"
"Alan","M","2377","2","a","n","4","1.0","False","False","False","2","2","0","0","0","0","0","0","0","0","0","0","1","0","1","0","0","0","0","0","0","0","0","0","0","0","0","2","2","0.5","0.5"
"Leon","M","2315","2","l","n","4","1.0","False","False","False","1","0","0","0","0","1","0","0","0","0","0","0","1","0","1","1","0","0","0","0","0","0","0","0","0","0","0","2","2","0.5","0.5"
"Theodore","M","2306","2","t","e","8","1.0","False","False","False","2","0","0","0","1","2","0","0","1","0","0","0","0","0","0","2","0","0","1","0","1","0","0","0","0","0","0","4","4","0.5","0.5"
"Gordon","M","2293","2","g","n","6","0.5","False","False","False","2","0","0","0","1","0","0","1","0","0","0","0","0","0","1","2","0","0","1","0","0","0","0","0","0","0","0","4","2","0.6666666666666666","0.3333333333333333"
"Tom","M","2287","2","t","m","3","0.5","False","False","False","1","0","0","0","0","0","0","0","0","0","0","0","0","1","0","1","0","0","0","0","1","0","0","0","0","0","0","2","1","0.6666666666666666","0.3333333333333333"
"Jesse","M","2206","2","j","e","5","0.6666666666666666","True","False","True","1","0","0","0","0","2","0","0","0","0","1","0","0","0","0","0","0","0","0","2","0","0","0","0","0","0","0","3","2","0.6","0.4"
"Clifford","M","2184","2","c","d","8","0.3333333333333333","True","False","True","2","0","0","1","1","0","2","0","0","1","0","0","1","0","0","1","0","0","1","0","0","0","0","0","0","0","0","6","2","0.75","0.25"
"Jerome","M","2177","2","j","e","6","1.0","False","False","False","2","0","0","0","0","2","0","0","0","0","1","0","0","1","0","1","0","0","1","0","0","0","0","0","0","0","0","3","3","0.5","0.5"
"Edwin","M","2115","2","e","n","5","0.6666666666666666","False","False","False","2","0","0","0","1","1","0","0","0","1","0","0","0","0","1","0","0","0","0","0","0","0","0","1","0","0","0","3","2","0.6","0.4"
"Curtis","M","2102","2","c","s","6","0.5","False","False","False","2","0","0","1","0","0","0","0","0","1","0","0","0","0","0","0","0","0","1","1","1","1","0","0","0","0","0","4","2","0.6666666666666666","0.3333333333333333"
"Harvey","M","2084","2","h","y","6","1.0","False","False","False","2","1","0","0","0","1","0","0","1","0","0","0","0","0","0","0","0","0","1","0","0","0","1","0","0","1","0","3","3","0.5","0.5"
"Bob","M","2082","2","b","b","3","0.5","False","False","False","1","0","2","0","0","0","0","0","0","0","0","0","0","0","0","1","0","0","0","0","0","0","0","0","0","0","0","2","1","0.6666666666666666","0.3333333333333333"
"Lloyd","M","2066","2","l","d","5","0.6666666666666666","False","False","False","1","0","0","0","1","0","0","0","0","0","0","0","2","0","0","1","0","0","0","0","0","0","0","0","0","1","0","3","2","0.6","0.4"
"Ronnie","M","2053","2","r","e","6","1.0","True","False","True","1","0","0","0","0","1","0","0","0","1","0","0","0","0","2","1","0","0","1","0","0","0","0","0","0","0","0","3","3","0.5","0.5"
"Clyde","M","2013","2","c","e","5","0.6666666666666666","False","False","False","1","0","0","1","1","1","0","0","0","0","0","0","1","0","0","0","0","0","0","0","0","0","0","0","0","1","0","3","2","0.6","0.4"
"Floyd","M","2012","2","f","d","5","0.6666666666666666","False","False","False","1","0","0","0","1","0","1","0","0","0","0","0","1","0","0","1","0","0","0","0","0","0","0","0","0","1","0","3","2","0.6","0.4"
"Vincent","M","1974","2","v","t","7","0.4","False","False","False","2","0","0","1","0","1","0","0","0","1","0","0","0","0","2","0","0","0","0","0","1","0","1","0","0","0","0","5","2","0.7142857142857143","0.2857142857142857"
"Vernon","M","1940","2","v","n","6","0.5","False","False","False","2","0","0","0","0","1","0","0","0","0","0","0","0","0","2","1","0","0","1","0","0","0","1","0","0","0","0","4","2","0.6666666666666666","0.3333333333333333"
"Alvin","M","1912","2","a","n","5","0.6666666666666666","False","False","False","2","1","0","0","0","0","0","0","0","1","0","0","1","0","1","0","0","0","0","0","0","0","1","0","0","0","0","3","2","0.6","0.4"
"Lewis","M","1900","2","l","s","5","0.6666666666666666","False","False","False","2","0","0","0","0","1","0","0","0","1","0","0","1","0","0","0","0","0","0","1","0","0","0","1","0","0","0","3","2","0.6","0.4"
"Jackie","M","1888","2","j","e","6","1.0","False","False","False","1","1","0","1","0","1","0","0","0","1","1","1","0","0","0","0","0","0","0","0","0","0","0","0","0","0","0","3","3","0.5","0.5"
"Barry","M","1835","2","b","y","5","0.6666666666666666","True","False","True","2","1","1","0","0","0","0","0","0","0","0","0","0","0","0","0","0","0","2","0","0","0","0","0","0","1","0","3","2","0.6","0.4"
"Warren","M","1811","2","w","n","6","0.5","True","False","True","2","1","0","0","0","1","0","0","0","0","0","0","0","0","1","0","0","0","2","0","0","0","0","1","0","0","0","4","2","0.6666666666666666","0.3333333333333333"
"Charlie","M","1764","2","c","e","7","0.75","False","False","False","1","1","0","1","0","1","0","0","1","1","0","0","1","0","0","0","0","0","1","0","0","0","0","0","0","0","0","4","3","0.5714285714285714","0.42857142857142855"
"Leo","M","1752","2","l","o","3","2.0","False","False","False","1","0","0","0","0","1","0","0","0","0","0","0","1","0","0","1","0","0","0","0","0","0","0","0","0","0","0","1","2","0.3333333333333333","0.6666666666666666"
"Herman","M","1669","2","h","n","6","0.5","False","False","False","2","1","0","0","0","1","0","0","1","0","0","0","0","1","1","0","0","0","1","0","0","0","0","0","0","0","0","4","2","0.6666666666666666","0.3333333333333333"
"Wendell","M","1625","2","w","l","7","0.4","True","False","True","2","0","0","0","1","2","0","0","0","0","0","0","2","0","1","0","0","0","0","0","0","0","0","1","0","0","0","5","2","0.7142857142857143","0.2857142857142857"
"Allan","M","1607","2","a","n","5","0.6666666666666666","True","False","True","2","2","0","0","0","0","0","0","0","0","0","0","2","0","1","0","0","0","0","0","0","0","0","0","0","0","0","3","2","0.6","0.4"
"Cecil","M","1591","2","c","l","5","0.6666666666666666","False","False","False","2","0","0","2","0","1","0","0","0","1","0","0","1","0","0","0","0","0","0","0","0","0","0","0","0","0","0","3","2","0.6","0.4"
"Lester","M","1591","2","l","r","6","0.5","False","False","False","2","0","0","0","0","2","0","0","0","0","0","0","1","0","0","0","0","0","1","1","1","0","0","0","0","0","0","4","2","0.6666666666666666","0.3333333333333333"
"Arnold","M","1579","2","a","d","6","0.5","False","False","False","2","1","0","0","1","0","0","0","0","0","0","0","1","0","1","1","0","0","1","0","0","0","0","0","0","0","0","4","2","0.6666666666666666","0.3333333333333333"
"Steven","M","1569","2","s","n","6","0.5","False","False","False","2","0","0","0","0","2","0","0","0","0","0","0","0","0","1","0","0","0","0","1","1","0","1","0","0","0","0","4","2","0.6666666666666666","0.3333333333333333"
"Victor","M","1566","2","v","r","6","0.5","False","False","False","2","0","0","1","0","0","0","0","0","1","0","0","0","0","0","1","0","0","1","0","1","0","1","0","0","0","0","4","2","0.6666666666666666","0.3333333333333333"
"Steve","M","1553","2","s","e","5","0.6666666666666666","False","False","False","1","0","0","0","0","2","0","0","0","0","0","0","0","0","0","0","0","0","0","1","1","0","1","0","0","0","0","3","2","0.6","0.4"
"Mike","M","1550","2","m","e","4","1.0","False","False","False","1","0","0","0","0","1","0","0","0","1","0","1","0","1","0","0","0","0","0","0","0","0","0","0","0","0","0","2","2","0.5","0.5"
"Jon","M","1546","2","j","n","3","0.5","False","False","False","1","0","0","0","0","0","0","0","0","0","1","0","0","0","1","1","0","0","0","0","0","0","0","0","0","0","0","2","1","0.6666666666666666","0.3333333333333333"
"Gilbert","M","1528","2","g","t","7","0.4","False","False","False","2","0","1","0","0","1","0","1","0","1","0","0","1","0","0","0","0","0","1","0","1","0","0","0","0","0","0","5","2","0.7142857142857143","0.2857142857142857"
"Keith","M","1512","2","k","h","5","0.6666666666666666","False","False","False","1","0","0","0","0","1","0","0","1","1","0","1","0","0","0","0","0","0","0","0","1","0","0","0","0","0","0","3","2","0.6","0.4"
"Danny","M","1478","1","d","y","5","0.6666666666666666","True","False","True","2","1","0","0","1","0","0","0","0","0","0","0","0","0","2","0","0","0","0","0","0","0","0","0","0","1","0","3","2","0.6","0.4"
"Calvin","M","1471","1","c","n","6","0.5","False","False","False","2","1","0","1","0","0","0","0","0","1","0","0","1","0","1","0","0","0","0","0","0","0","1","0","0","0","0","4","2","0.6666666666666666","0.3333333333333333"
"Benjamin","M","1446","1","b","n","8","0.6","False","False","False","3","1","1","0","0","1","0","0","0","1","1","0","0","1","2","0","0","0","0","0","0","0","0","0","0","0","0","5","3","0.625","0.375"
"Johnnie","M","1445","1","j","e","7","0.75","True","False","True","1","0","0","0","0","1","0","0","1","1","1","0","0","0","2","1","0","0","0","0","0","0","0","0","0","0","0","4","3","0.5714285714285714","0.42857142857142855"
"Glen","M","1434","1","g","n","4","0.3333333333333333","False","False","False","1","0","0","0","0","1","0","1","0","0","0","0","1","0","1","0","0","0","0","0","0","0","0","0","0","0","0","3","1","0.75","0.25"
"Darrell","M","1431","1","d","l","7","0.4","True","False","True","2","1","0","0","1","1","0","0","0","0","0","0","2","0","0","0","0","0","2","0","0","0","0","0","0","0","0","5","2","0.7142857142857143","0.2857142857142857"
"Milton","M","1425","1","m","n","6","0.5","False","False","False","2","0","0","0","0","0","0","0","0","1","0","0","1","1","1","1","0","0","0","0","1","0","0","0","0","0","0","4","2","0.6666666666666666","0.3333333333333333"
"Rodney","M","1398","1","r","y","6","1.0","False","False","False","2","0","0","0","1","1","0","0","0","0","0","0","0","0","1","1","0","0","1","0","0","0","0","0","0","1","0","3","3","0.5","0.5"
"Duane","M","1387","1","d","e","5","1.5","False","False","False","1","1","0","0","1","1","0","0","0","0","0","0","0","0","1","0","0","0","0","0","0","1","0","0","0","0","0","2","3","0.4","0.6"
"Timothy","M","1386","1","t","y","7","0.75","False","False","False","3","0","0","0","0","0","0","0","1","1","0","0","0","1","0","1","0","0","0","0","2","0","0","0","0","1","0","4","3","0.5714285714285714","0.42857142857142855"
"Leslie","M","1370","1","l","e","6","1.0","False","False","False","1","0","0","0","0","2","0","0","0","1","0","0","2","0","0","0","0","0","0","1","0","0","0","0","0","0","0","3","3","0.5","0.5"
"Chester","M","1352","1","c","r","7","0.4","False","False","False","2","0","0","1","0","2","0","0","1","0","0","0","0","0","0","0","0","0","1","1","1","0","0","0","0","0","0","5","2","0.7142857142857143","0.2857142857142857"
"Freddie","M","1318","1","f","e","7","0.75","True","False","True","1","0","0","0","2","2","1","0","0","1","0","0","0","0","0","0","0","0","1","0","0","0","0","0","0","0","0","4","3","0.5714285714285714","0.42857142857142855"
"Jay","M","1294","1","j","y","3","2.0","False","False","False","1","1","0","0","0","0","0","0","0","0","1","0","0","0","0","0","0","0","0","0","0","0","0","0","0","1","0","1","2","0.3333333333333333","0.6666666666666666"
"Joel","M","1278","1","j","l","4","1.0","False","False","False","1","0","0","0","0","1","0","0","0","0","1","0","1","0","0","1","0","0","0","0","0","0","0","0","0","0","0","2","2","0.5","0.5"
"Roland","M","1266","1","r","d","6","0.5","False","False","False","2","1","0","0","1","0","0","0","0","0","0","0","1","0","1","1","0","0","1","0","0","0","0","0","0","0","0","4","2","0.6666666666666666","0.3333333333333333"
"Tony","M","1232","1","t","y","4","1.0","False","False","False","2","0","0","0","0","0","0","0","0","0","0","0","0","0","1","1","0","0","0","0","1","0","0","0","0","1","0","2","2","0.5","0.5"
"Dean","M","1222","1","d","n","4","1.0","False","False","False","1","1","0","0","1","1","0","0","0","0","0","0","0","0","1","0","0","0","0","0","0","0","0","0","0","0","0","2","2","0.5","0.5"
"Elmer","M","1218","1","e","r","5","0.6666666666666666","False","False","False","2","0","0","0","0","2","0","0","0","0","0","0","1","1","0","0","0","0","1","0","0","0","0","0","0","0","0","3","2","0.6","0.4"
"Claude","M","1196","1","c","e","6","1.0","False","False","False","1","1","0","1","1","1","0","0","0","0","0","0","1","0","0","0","0","0","0","0","0","1","0","0","0","0","0","3","3","0.5","0.5"
"Wallace","M","1173","1","w","e","7","0.75","True","False","True","2","2","0","1","0","1","0","0","0","0","0","0","2","0","0","0","0","0","0","0","0","0","0","1","0","0","0","4","3","0.5714285714285714","0.42857142857142855"
"Manuel","M","1171","1","m","l","6","1.0","False","False","False","2","1","0","0","0","1","0","0","0","0","0","0","1","1","1","0","0","0","0","0","0","1","0","0","0","0","0","3","3","0.5","0.5"
"Jose","M","1170","1","j","e","4","1.0","False","False","False","1","0","0","0","0","1","0","0","0","0","1","0","0","0","0","1","0","0","0","1","0","0","0","0","0","0","0","2","2","0.5","0.5"
"Mark","M","1165","1","m","k","4","0.3333333333333333","False","False","False","1","1","0","0","0","0","0","0","0","0","0","1","0","1","0","0","0","0","1","0","0","0","0","0","0","0","0","3","1","0.75","0.25"
"Sam","M","1147","1","s","m","3","0.5","False","False","False","1","1","0","0","0","0","0","0","0","0","0","0","0","1","0","0","0","0","0","1","0","0","0","0","0","0","0","2","1","0.6666666666666666","0.3333333333333333"
"Willard","M","1138","1","w","d","7","0.4","True","False","True","2","1","0","0","1","0","0","0","0","1","0","0","2","0","0","0","0","0","1","0","0","0","0","1","0","0","0","5","2","0.7142857142857143","0.2857142857142857"
"Wesley","M","1128","1","w","y","6","1.0","False","False","False","2","0","0","0","0","2","0","0","0","0","0","0","1","0","0","0","0","0","0","1","0","0","0","1","0","1","0","3","3","0.5","0.5"
"Lonnie","M","1102","1","l","e","6","1.0","True","False","True","1","0","0","0","0","1","0","0","0","1","0","0","1","0","2","1","0","0","0","0","0","0","0","0","0","0","0","3","3","0.5","0.5"
"Nicholas","M","1102","1","n","s","8","0.6","False","False","False","3","1","0","1","0","0","0","0","1","1","0","0","1","0","1","1","0","0","0","1","0","0","0","0","0","0","0","5","3","0.625","0.375"
"Dan","M","1097","1","d","n","3","0.5","False","False","False","1","1","0","0","1","0","0","0","0","0","0","0","0","0","1","0","0","0","0","0","0","0","0","0","0","0","0","2","1","0.6666666666666666","0.3333333333333333"
"Neil","M","1066","1","n","l","4","1.0","False","False","False","1","0","0","0","0","1","0","0","0","1","0","0","1","0","1","0","0","0","0","0","0","0","0","0","0","0","0","2","2","0.5","0.5"
"Hugh","M","1059","1","h","h","4","0.3333333333333333","False","False","False","1","0","0","0","0","0","0","1","2","0","0","0","0","0","0","0","0","0","0","0","0","1","0","0","0","0","0","3","1","0.75","0.25"
"Marion","M","1049","1","m","n","6","1.0","False","False","False","2","1","0","0","0","0","0","0","0","1","0","0","0","1","1","1","0","0","1","0","0","0","0","0","0","0","0","3","3","0.5","0.5"
"Ted","M","1047","1","t","d","3","0.5","False","False","False","1","0","0","0","1","1","0","0","0","0","0","0","0","0","0","0","0","0","0","0","1","0","0","0","0","0","0","2","1","0.6666666666666666","0.3333333333333333"
"Lynn","M","1046","1","l","n","4","0.3333333333333333","True","False","True","1","0","0","0","0","0","0","0","0","0","0","0","1","0","2","0","0","0","0","0","0","0","0","0","0","1","0","3","1","0.75","0.25"
"Maurice","M","1031","1","m","e","7","1.3333333333333333","False","False","False","2","1","0","1","0","1","0","0","0","1","0","0","0","1","0","0","0","0","1","0","0","1","0","0","0","0","0","3","4","0.42857142857142855","0.5714285714285714"
"Jessie","M","1019","1","j","e","6","1.0","True","False","True","1","0","0","0","0","2","0","0","0","1","1","0","0","0","0","0","0","0","0","2","0","0","0","0","0","0","0","3","3","0.5","0.5"
"Brian","M","1011","1","b","n","5","0.6666666666666666","False","False","False","2","1","1","0","0","0","0","0","0","1","0","0","0","0","1","0","0","0","1","0","0","0","0","0","0","0","0","3","2","0.6","0.4"
